id;apellido;fechaHora
CITA-092;Naranjo;2025-03-01T08:53
CITA-085;Ríos;2025-03-02T08:52
CITA-059;Romero;2025-03-02T12:24
CITA-100;Cárdenas;2025-03-02T17:22
CITA-003;Ramírez;2025-03-02T17:51
CITA-090;Vega;2025-03-03T08:21
CITA-025;Mora;2025-03-03T08:49
CITA-002;Aguirre;2025-03-03T10:03
CITA-054;Roldán;2025-03-03T15:36
CITA-033;López;2025-03-03T17:59
CITA-004;Ortega;2025-03-04T09:17
CITA-067;Mora;2025-03-04T12:23
CITA-082;Paredes;2025-03-04T17:34
CITA-089;Valdiviezo;2025-03-11T12:39
CITA-078;Vera;2025-03-06T09:32
CITA-028;Valdiviezo;2025-03-06T11:23
CITA-057;Castro;2025-03-06T12:01
CITA-087;Reyes;2025-03-06T17:40
CITA-018;Palacios;2025-03-07T08:14
CITA-031;Jara;2025-03-07T09:47
CITA-044;Mendoza;2025-03-07T12:49
CITA-015;Ortega;2025-03-07T15:20
CITA-083;Naranjo;2025-03-07T17:07
CITA-023;Carvajal;2025-03-08T10:07
CITA-096;Lozano;2025-03-08T10:14
CITA-086;Reyes;2025-03-08T12:20
CITA-047;Vega;2025-03-09T13:33
CITA-048;Vega;2025-03-10T09:35
CITA-053;Palacios;2025-03-10T13:27
CITA-073;Castro;2025-03-10T17:14
CITA-060;Lozano;2025-03-10T17:37
CITA-041;Lozano;2025-03-11T09:51
CITA-001;Palacios;2025-03-11T10:45
CITA-017;Vera;2025-03-05T16:00
CITA-030;Campos;2025-03-20T14:29
CITA-040;Cárdenas;2025-03-12T09:44
CITA-036;Naranjo;2025-03-12T11:46
CITA-022;Naranjo;2025-03-12T14:32
CITA-079;Lozano;2025-03-12T15:48
CITA-019;Palacios;2025-03-12T16:25
CITA-055;Palacios;2025-03-12T16:35
CITA-088;López;2025-03-13T16:32
CITA-043;Mendoza;2025-03-14T09:52
CITA-012;Ramírez;2025-03-14T10:19
CITA-051;Paredes;2025-03-14T11:32
CITA-065;Fajardo;2025-03-15T08:50
CITA-006;Cedeño;2025-03-15T12:42
CITA-011;Paredes;2025-03-27T09:32
CITA-038;Valdiviezo;2025-03-15T15:07
CITA-099;Vega;2025-03-16T09:36
CITA-042;Mora;2025-03-16T11:33
CITA-075;Naranjo;2025-03-16T15:04
CITA-071;Guerrero;2025-03-12T09:33
CITA-020;Jiménez;2025-03-16T15:48
CITA-070;Naranjo;2025-03-17T11:09
CITA-061;Fajardo;2025-03-18T08:33
CITA-046;Carvajal;2025-03-18T08:53
CITA-049;Aguirre;2025-03-18T09:55
CITA-094;Mendoza;2025-03-18T13:43
CITA-045;Solano;2025-03-18T15:57
CITA-013;Sánchez;2025-03-21T10:07
CITA-084;Cárdenas;2025-03-19T16:01
CITA-039;Roldán;2025-03-19T17:22
CITA-052;Reyes;2025-03-20T09:23
CITA-007;Mora;2025-03-20T12:33
CITA-076;Ortega;2025-03-20T13:20
CITA-035;Sánchez;2025-03-16T15:40
CITA-093;Lozano;2025-03-20T15:59
CITA-098;González;2025-03-20T17:53
CITA-009;Ortega;2025-03-19T13:56
CITA-027;Ramírez;2025-03-21T16:17
CITA-010;Solano;2025-03-21T16:33
CITA-063;Lozano;2025-03-22T10:59
CITA-074;Mora;2025-03-22T11:55
CITA-068;Carvajal;2025-03-22T13:11
CITA-064;Roldán;2025-03-22T15:14
CITA-024;López;2025-03-22T15:15
CITA-081;Lozano;2025-03-23T09:26
CITA-021;Vera;2025-03-23T11:30
CITA-014;Campos;2025-03-23T12:45
CITA-066;Castro;2025-03-23T13:44
CITA-029;Vera;2025-03-23T13:52
CITA-032;Reyes;2025-03-23T16:01
CITA-058;Aguirre;2025-03-23T16:54
CITA-056;Guerrero;2025-03-23T17:27
CITA-080;Guerrero;2025-03-24T09:03
CITA-091;Aguirre;2025-03-25T13:59
CITA-026;Ortega;2025-03-26T08:34
CITA-016;Campos;2025-03-26T13:30
CITA-069;Castro;2025-03-15T13:54
CITA-037;Cárdenas;2025-03-27T10:31
CITA-062;Jiménez;2025-03-27T17:01
CITA-034;Solano;2025-03-28T08:20
CITA-005;Lozano;2025-03-28T14:18
CITA-008;Mora;2025-03-28T15:08
CITA-050;Ortega;2025-03-29T14:04
CITA-072;Solano;2025-03-29T15:16
CITA-077;Valdiviezo;2025-03-30T10:53
CITA-095;Sánchez;2025-03-30T11:39
CITA-097;Reyes;2025-03-31T12:07
